/en/index.php?controller=404;/en/page-not-found;301;1;0
/da/acro-laser-cutter/closed-loop-servo-driver-and-motor-bundle.html;/da/cnc-maskiner-kits/andre-saet/acro-laser-cutter/;301;1;0
/da/linear-actuators/v-slot-nema-23-linear-actuator-build-belt-driven.html;/da/;301;1;0
/da/corexy-3d-printer/corexy-3d-printer-3d-printere-og-kits-3d-printersaet-medium-mekanisk-kit-til-v-baby-corexy-3d-printer-250mm.html;/da/corexy-3d-printer/medium-mechanical-kit-for-v-baby-corexy-3d-printer-250mm.html;302;1;1
/en/corexy-3d-printer/corexy-3d-printer-3d-printers-kits-3d-printer-kits-medium-mechanical-kit-for-v-baby-corexy-3d-printer-250mm.html;/en/corexy-3d-printer/medium-mechanical-kit-for-v-baby-corexy-3d-printer-250mm.html;302;1;1
/de/corexy-3d-printer/corexy-3d-drucker-3d-drucker-bausatze-3d-drucker-bausatze-medium-mechanisches-kit-fur-v-baby-corexy-3d-drucker-250mm.html;/de/corexy-3d-printer/medium-mechanical-kit-for-v-baby-corexy-3d-printer-250mm.html;302;1;1
/da/corexy-3d-printer/corexy-3d-printer-3d-printere-og-kits-3d-printersaet-medium-mekanisk-kit-til-v-baby-corexy-3d-printer-250mm.html;/da/corexy-3d-printer/medium-mechanical-kit-for-v-baby-corexy-3d-printer-250mm.html;302;1;1
/en/corexy-3d-printer/corexy-3d-printer-3d-printers-kits-3d-printer-kits-medium-mechanical-kit-for-v-baby-corexy-3d-printer-250mm.html;/en/corexy-3d-printer/medium-mechanical-kit-for-v-baby-corexy-3d-printer-250mm.html;302;1;1
/de/corexy-3d-printer/corexy-3d-drucker-3d-drucker-bausatze-3d-drucker-bausatze-medium-mechanisches-kit-fur-v-baby-corexy-3d-drucker-250mm.html;/de/corexy-3d-printer/medium-mechanical-kit-for-v-baby-corexy-3d-printer-250mm.html;302;1;1
/da/corexy-3d-printer/corexy-3d-printer-3d-printere-og-kits-3d-printersaet-medium-mekanisk-kit-til-v-baby-corexy-3d-printer-250mm.html;/da/corexy-3d-printer/medium-mechanical-kit-for-v-baby-corexy-3d-printer-250mm.html;302;1;1
/en/corexy-3d-printer/corexy-3d-printer-3d-printers-kits-3d-printer-kits-medium-mechanical-kit-for-v-baby-corexy-3d-printer-250mm.html;/en/corexy-3d-printer/medium-mechanical-kit-for-v-baby-corexy-3d-printer-250mm.html;302;1;1
/de/corexy-3d-printer/corexy-3d-drucker-3d-drucker-bausatze-3d-drucker-bausatze-medium-mechanisches-kit-fur-v-baby-corexy-3d-drucker-250mm.html;/de/corexy-3d-printer/medium-mechanical-kit-for-v-baby-corexy-3d-printer-250mm.html;302;1;1
/da/corexy-3d-printer/corexy-3d-printer-3d-printere-og-kits-3d-printersaet-medium-mekanisk-kit-til-v-baby-corexy-3d-printer-250mm.html;/da/corexy-3d-printer/medium-mechanical-kit-for-v-baby-corexy-3d-printer-250mm.html;302;1;1
/en/corexy-3d-printer/corexy-3d-printer-3d-printers-kits-3d-printer-kits-medium-mechanical-kit-for-v-baby-corexy-3d-printer-250mm.html;/en/corexy-3d-printer/medium-mechanical-kit-for-v-baby-corexy-3d-printer-250mm.html;302;1;1
/de/corexy-3d-printer/corexy-3d-drucker-3d-drucker-bausatze-3d-drucker-bausatze-medium-mechanisches-kit-fur-v-baby-corexy-3d-drucker-250mm.html;/de/corexy-3d-printer/medium-mechanical-kit-for-v-baby-corexy-3d-printer-250mm.html;302;1;1
/da/corexy-3d-printer/corexy-3d-printer-3d-printere-og-kits-3d-printersaet-medium-mekanisk-kit-til-v-baby-corexy-3d-printer-250mm.html;/da/corexy-3d-printer/medium-mechanical-kit-for-v-baby-corexy-3d-printer-250mm.html;302;1;1
/en/corexy-3d-printer/corexy-3d-printer-3d-printers-kits-3d-printer-kits-medium-mechanical-kit-for-v-baby-corexy-3d-printer-250mm.html;/en/corexy-3d-printer/medium-mechanical-kit-for-v-baby-corexy-3d-printer-250mm.html;302;1;1
/de/corexy-3d-printer/corexy-3d-drucker-3d-drucker-bausatze-3d-drucker-bausatze-medium-mechanisches-kit-fur-v-baby-corexy-3d-drucker-250mm.html;/de/corexy-3d-printer/medium-mechanical-kit-for-v-baby-corexy-3d-printer-250mm.html;302;1;1
/da/corexy-3d-printer/corexy-3d-printer-3d-printere-og-kits-3d-printersaet-medium-mekanisk-kit-til-v-baby-corexy-3d-printer-250mm.html;/da/corexy-3d-printer/medium-mechanical-kit-for-v-baby-corexy-3d-printer-250mm.html;302;1;1
/en/corexy-3d-printer/corexy-3d-printer-3d-printers-kits-3d-printer-kits-medium-mechanical-kit-for-v-baby-corexy-3d-printer-250mm.html;/en/corexy-3d-printer/medium-mechanical-kit-for-v-baby-corexy-3d-printer-250mm.html;302;1;1
/de/corexy-3d-printer/corexy-3d-drucker-3d-drucker-bausatze-3d-drucker-bausatze-medium-mechanisches-kit-fur-v-baby-corexy-3d-drucker-250mm.html;/de/corexy-3d-printer/medium-mechanical-kit-for-v-baby-corexy-3d-printer-250mm.html;302;1;1
/da/corexy-3d-printer/corexy-3d-printer-3d-printere-og-kits-3d-printersaet-medium-mekanisk-kit-til-v-baby-corexy-3d-printer-250mm.html;/da/corexy-3d-printer/medium-mechanical-kit-for-v-baby-corexy-3d-printer-250mm.html;302;1;1
/en/corexy-3d-printer/corexy-3d-printer-3d-printers-kits-3d-printer-kits-medium-mechanical-kit-for-v-baby-corexy-3d-printer-250mm.html;/en/corexy-3d-printer/medium-mechanical-kit-for-v-baby-corexy-3d-printer-250mm.html;302;1;1
/de/corexy-3d-printer/corexy-3d-drucker-3d-drucker-bausatze-3d-drucker-bausatze-medium-mechanisches-kit-fur-v-baby-corexy-3d-drucker-250mm.html;/de/corexy-3d-printer/medium-mechanical-kit-for-v-baby-corexy-3d-printer-250mm.html;302;1;1
/da/corexy-3d-printer/medium-mechanical-kit-for-v-baby-corexy-3d-printer-250mm.html;/da/maskinkomponenter/bundter/corexy-3d-printer/;301;1;0
/cnc-maskiner-3d-printere-og-tilbehor-makersupplies;/;301;1;0
/en/cnc-machines-3d-printers-and-accessories-makersupplies;/en/;301;1;0
/en/cnc-machines-kits/v-wheel-cnc-routers/makercarver/makercarver-black-friday-sale-500x750mm-makercarver-complete-mechanical-kit;/en/cnc-machines-kits/v-wheel-cnc-routers/makercarver/;301;1;0
/en/cnc-machines-3d-printers-and-accessories-makersupplies?iqit_fronteditor_token=b49784bb5b7cee23ce193f92d23b432c&admin_webpath=admin709h4ltid&id_employee=6;/en/;301;1;0
/en/cnc-machines-3d-printers-and-accessories-makersupplies?isIqitThemeEditor=1&iqitThemeEditorOptions=%7B%22g_layout%22%3A%22wide%22%2C%22g_sidebars_width%22%3A%22wide%22%2C%22rm_logo%22%3A%22%22%2C%22rm_icon_apple%22%3A%22%22%2C%22rm_icon_android%22%3A%22%22%2C%22rm_breakpoint%22%3A%220%22%2C%22rm_pinch_zoom%22%3A%220%22%2C%22rm_address_bg%22%3A%22%22%2C%22rm_header%22%3A%222%22%2C%22rm_sticky%22%3A%220%22%2C%22op_preloader%22%3A%220%22%2C%22op_preloader_icon_pre%22%3A%221%22%2C%22typo_bfont_t%22%3A%22goog;/en/;301;1;0
/en/cnc-machines-3d-printers-and-accessories-makersupplies?isIqitThemeEditor=1&iqitThemeEditorOptions=%7B%22g_layout%22%3A%22wide%22%2C%22g_sidebars_width%22%3A%22wide%22%2C%22rm_logo%22%3A%22%22%2C%22rm_icon_apple%22%3A%22%22%2C%22rm_icon_android%22%3A%22%22%2C%22rm_breakpoint%22%3A%220%22%2C%22rm_pinch_zoom%22%3A%220%22%2C%22rm_address_bg%22%3A%22%22%2C%22rm_header%22%3A%221%22%2C%22rm_sticky%22%3A%220%22%2C%22op_preloader%22%3A%220%22%2C%22op_preloader_icon_pre%22%3A%221%22%2C%22typo_bfont_t%22%3A%22goog;/en/;301;1;0
/en/cnc-machines-3d-printers-and-accessories-makersupplies?isIqitThemeEditor=1&iqitThemeEditorOptions=%7B%22g_layout%22%3A%22wide%22%2C%22g_sidebars_width%22%3A%22wide%22%2C%22rm_logo%22%3A%22%22%2C%22rm_icon_apple%22%3A%22%22%2C%22rm_icon_android%22%3A%22%22%2C%22rm_breakpoint%22%3A%220%22%2C%22rm_pinch_zoom%22%3A%220%22%2C%22rm_address_bg%22%3A%22%233E4753%22%2C%22rm_header%22%3A%221%22%2C%22rm_sticky%22%3A%220%22%2C%22op_preloader%22%3A%220%22%2C%22op_preloader_icon_pre%22%3A%221%22%2C%22typo_bfont_t%22%;/en/;301;1;0
/en/cnc-machines-3d-printers-and-accessories-makersupplies?isIqitThemeEditor=1&iqitThemeEditorOptions=%7B%22g_layout%22%3A%22wide%22%2C%22g_sidebars_width%22%3A%22wide%22%2C%22rm_logo%22%3A%22%22%2C%22rm_icon_apple%22%3A%22%22%2C%22rm_icon_android%22%3A%22%22%2C%22rm_breakpoint%22%3A%220%22%2C%22rm_pinch_zoom%22%3A%220%22%2C%22rm_address_bg%22%3A%22%233E4753%22%2C%22rm_header%22%3A%221%22%2C%22rm_sticky%22%3A%220%22%2C%22op_preloader%22%3A%220%22%2C%22op_preloader_icon_pre%22%3A%221%22%2C%22typo_bfont_t%22%;/en/;301;1;0
/en/cnc-machines-3d-printers-and-accessories-makersupplies?isIqitThemeEditor=1&iqitThemeEditorOptions=%7B%22g_layout%22%3A%22wide%22%2C%22g_sidebars_width%22%3A%22wide%22%2C%22rm_logo%22%3A%22%22%2C%22rm_icon_apple%22%3A%22%22%2C%22rm_icon_android%22%3A%22%22%2C%22rm_breakpoint%22%3A%220%22%2C%22rm_pinch_zoom%22%3A%220%22%2C%22rm_address_bg%22%3A%22%233e4753%22%2C%22rm_header%22%3A%221%22%2C%22rm_sticky%22%3A%220%22%2C%22op_preloader%22%3A%220%22%2C%22op_preloader_icon_pre%22%3A%221%22%2C%22typo_bfont_t%22%;/en/;301;1;0
/en/cnc-machines-3d-printers-and-accessories-makersupplies?isIqitThemeEditor=1&iqitThemeEditorOptions=%7B%22g_layout%22%3A%22wide%22%2C%22g_sidebars_width%22%3A%22wide%22%2C%22rm_logo%22%3A%22%22%2C%22rm_icon_apple%22%3A%22%22%2C%22rm_icon_android%22%3A%22%22%2C%22rm_breakpoint%22%3A%220%22%2C%22rm_pinch_zoom%22%3A%220%22%2C%22rm_address_bg%22%3A%22%23000000%22%2C%22rm_header%22%3A%221%22%2C%22rm_sticky%22%3A%220%22%2C%22op_preloader%22%3A%220%22%2C%22op_preloader_icon_pre%22%3A%221%22%2C%22typo_bfont_t%22%;/en/;301;1;0
/en/cnc-machines-3d-printers-and-accessories-makersupplies?isIqitThemeEditor=1&iqitThemeEditorOptions=%7B%22g_layout%22%3A%22wide%22%2C%22g_sidebars_width%22%3A%22wide%22%2C%22rm_logo%22%3A%22%22%2C%22rm_icon_apple%22%3A%22%22%2C%22rm_icon_android%22%3A%22%22%2C%22rm_breakpoint%22%3A%220%22%2C%22rm_pinch_zoom%22%3A%220%22%2C%22rm_address_bg%22%3A%22%23000000%22%2C%22rm_header%22%3A%221%22%2C%22rm_sticky%22%3A%220%22%2C%22op_preloader%22%3A%220%22%2C%22op_preloader_icon_pre%22%3A%221%22%2C%22typo_bfont_t%22%;/en/;301;1;0
/en/cnc-machines-3d-printers-and-accessories-makersupplies?isIqitThemeEditor=1&iqitThemeEditorOptions=%7B%22g_layout%22%3A%22wide%22%2C%22g_sidebars_width%22%3A%22wide%22%2C%22rm_logo%22%3A%22%22%2C%22rm_icon_apple%22%3A%22%22%2C%22rm_icon_android%22%3A%22%22%2C%22rm_breakpoint%22%3A%220%22%2C%22rm_pinch_zoom%22%3A%220%22%2C%22rm_address_bg%22%3A%22%23000000%22%2C%22rm_header%22%3A%221%22%2C%22rm_sticky%22%3A%220%22%2C%22op_preloader%22%3A%220%22%2C%22op_preloader_icon_pre%22%3A%221%22%2C%22typo_bfont_t%22%;/en/;301;1;0
/en/cnc-machines-3d-printers-and-accessories-makersupplies?isIqitThemeEditor=1&iqitThemeEditorOptions=%7B%22g_layout%22%3A%22wide%22%2C%22g_sidebars_width%22%3A%22wide%22%2C%22rm_logo%22%3A%22%22%2C%22rm_icon_apple%22%3A%22%22%2C%22rm_icon_android%22%3A%22%22%2C%22rm_breakpoint%22%3A%220%22%2C%22rm_pinch_zoom%22%3A%220%22%2C%22rm_address_bg%22%3A%22%23000000%22%2C%22rm_header%22%3A%221%22%2C%22rm_sticky%22%3A%220%22%2C%22op_preloader%22%3A%220%22%2C%22op_preloader_icon_pre%22%3A%221%22%2C%22typo_bfont_t%22%;/en/;301;1;0
/en/cnc-machines-3d-printers-and-accessories-makersupplies?isIqitThemeEditor=1&iqitThemeEditorOptions=%7B%22g_layout%22%3A%22wide%22%2C%22g_sidebars_width%22%3A%22wide%22%2C%22rm_logo%22%3A%22%22%2C%22rm_icon_apple%22%3A%22%22%2C%22rm_icon_android%22%3A%22%22%2C%22rm_breakpoint%22%3A%220%22%2C%22rm_pinch_zoom%22%3A%220%22%2C%22rm_address_bg%22%3A%22%23000000%22%2C%22rm_header%22%3A%223%22%2C%22rm_sticky%22%3A%220%22%2C%22op_preloader%22%3A%220%22%2C%22op_preloader_icon_pre%22%3A%221%22%2C%22typo_bfont_t%22%;/en/;301;1;0
/en/cnc-machines-3d-printers-and-accessories-makersupplies?isIqitThemeEditor=1&iqitThemeEditorOptions=%7B%22g_layout%22%3A%22wide%22%2C%22g_sidebars_width%22%3A%22wide%22%2C%22rm_logo%22%3A%22%22%2C%22rm_icon_apple%22%3A%22%22%2C%22rm_icon_android%22%3A%22%22%2C%22rm_breakpoint%22%3A%220%22%2C%22rm_pinch_zoom%22%3A%220%22%2C%22rm_address_bg%22%3A%22%23000000%22%2C%22rm_header%22%3A%223%22%2C%22rm_sticky%22%3A%220%22%2C%22op_preloader%22%3A%220%22%2C%22op_preloader_icon_pre%22%3A%221%22%2C%22typo_bfont_t%22%;/en/;301;1;0
/en/cnc-machines-3d-printers-and-accessories-makersupplies?isIqitThemeEditor=1&iqitThemeEditorOptions=%7B%22g_layout%22%3A%22wide%22%2C%22g_sidebars_width%22%3A%22wide%22%2C%22rm_logo%22%3A%22%22%2C%22rm_icon_apple%22%3A%22%22%2C%22rm_icon_android%22%3A%22%22%2C%22rm_breakpoint%22%3A%220%22%2C%22rm_pinch_zoom%22%3A%220%22%2C%22rm_address_bg%22%3A%22%23000000%22%2C%22rm_header%22%3A%223%22%2C%22rm_sticky%22%3A%22up%22%2C%22op_preloader%22%3A%220%22%2C%22op_preloader_icon_pre%22%3A%221%22%2C%22typo_bfont_t%22;/en/;301;1;0
/en/cnc-machines-3d-printers-and-accessories-makersupplies?isIqitThemeEditor=1&iqitThemeEditorOptions=%7B%22g_layout%22%3A%22wide%22%2C%22g_sidebars_width%22%3A%22wide%22%2C%22rm_logo%22%3A%22%22%2C%22rm_icon_apple%22%3A%22%22%2C%22rm_icon_android%22%3A%22%22%2C%22rm_breakpoint%22%3A%220%22%2C%22rm_pinch_zoom%22%3A%220%22%2C%22rm_address_bg%22%3A%22%23000000%22%2C%22rm_header%22%3A%223%22%2C%22rm_sticky%22%3A%22up%22%2C%22op_preloader%22%3A%220%22%2C%22op_preloader_icon_pre%22%3A%221%22%2C%22typo_bfont_t%22;/en/;301;1;0
/index.php?controller=404;/siden-blev-ikke-fundet;301;1;0
/en/content/om-os.html;/en/page-not-found;301;1;0
/en/content/juridisk-meddelelse.html;/en/page-not-found;301;1;0
/de/cnc-maschinen-3d-drucker-und-zubehor-makersupplies;/de/;301;1;0
/en/cnc-machines-3d-printers-and-accessories-makersupplies?SubmitCurrency=1&id_currency=4;/en/;301;1;0
/en/sasas;/en/;301;1;0
/en/sasasasasz;/en/;301;1;0
